"filename", "language", "C++", "QRC", "XML", "HTML", "Markdown", "Objective-C++", "CMake", "C", "comment", "blank", "total"
"c:\Users\umara\Desktop\Vaultorix\CMakeLists.txt", "CMake", 0, 0, 0, 0, 0, 0, 173, 0, 0, 51, 224
"c:\Users\umara\Desktop\Vaultorix\Readme.md", "Markdown", 0, 0, 0, 0, 17, 0, 0, 0, 0, 12, 29
"c:\Users\umara\Desktop\Vaultorix\dependencies\openssl\include\openssl\__DECC_INCLUDE_EPILOGUE.H", "C++", 3, 0, 0, 0, 0, 0, 0, 0, 17, 3, 23
"c:\Users\umara\Desktop\Vaultorix\dependencies\openssl\include\openssl\__DECC_INCLUDE_PROLOGUE.H", "C++", 4, 0, 0, 0, 0, 0, 0, 0, 20, 3, 27
"c:\Users\umara\Desktop\Vaultorix\dependencies\openssl\include\openssl\aes.h", "C++", 85, 0, 0, 0, 0, 0, 0, 0, 11, 16, 112
"c:\Users\umara\Desktop\Vaultorix\dependencies\openssl\include\openssl\applink.c", "C", 0, 0, 0, 0, 0, 0, 0, 111, 20, 23, 154
"c:\Users\umara\Desktop\Vaultorix\dependencies\openssl\include\openssl\asn1.h", "C++", 787, 0, 0, 0, 0, 0, 0, 0, 182, 166, 1135
"c:\Users\umara\Desktop\Vaultorix\dependencies\openssl\include\openssl\asn1err.h", "C++", 124, 0, 0, 0, 0, 0, 0, 0, 12, 7, 143
"c:\Users\umara\Desktop\Vaultorix\dependencies\openssl\include\openssl\asn1t.h", "C++", 576, 0, 0, 0, 0, 0, 0, 0, 207, 164, 947
"c:\Users\umara\Desktop\Vaultorix\dependencies\openssl\include\openssl\async.h", "C++", 77, 0, 0, 0, 0, 0, 0, 0, 9, 19, 105
"c:\Users\umara\Desktop\Vaultorix\dependencies\openssl\include\openssl\asyncerr.h", "C++", 11, 0, 0, 0, 0, 0, 0, 0, 12, 7, 30
"c:\Users\umara\Desktop\Vaultorix\dependencies\openssl\include\openssl\bio.h", "C++", 780, 0, 0, 0, 0, 0, 0, 0, 126, 117, 1023
"c:\Users\umara\Desktop\Vaultorix\dependencies\openssl\include\openssl\bioerr.h", "C++", 54, 0, 0, 0, 0, 0, 0, 0, 12, 7, 73
"c:\Users\umara\Desktop\Vaultorix\dependencies\openssl\include\openssl\blowfish.h", "C++", 52, 0, 0, 0, 0, 0, 0, 0, 13, 14, 79
"c:\Users\umara\Desktop\Vaultorix\dependencies\openssl\include\openssl\bn.h", "C++", 385, 0, 0, 0, 0, 0, 0, 0, 147, 59, 591
"c:\Users\umara\Desktop\Vaultorix\dependencies\openssl\include\openssl\bnerr.h", "C++", 29, 0, 0, 0, 0, 0, 0, 0, 12, 7, 48
"c:\Users\umara\Desktop\Vaultorix\dependencies\openssl\include\openssl\buffer.h", "C++", 42, 0, 0, 0, 0, 0, 0, 0, 8, 13, 63
"c:\Users\umara\Desktop\Vaultorix\dependencies\openssl\include\openssl\buffererr.h", "C++", 7, 0, 0, 0, 0, 0, 0, 0, 12, 7, 26
"c:\Users\umara\Desktop\Vaultorix\dependencies\openssl\include\openssl\byteorder.h", "C++", 286, 0, 0, 0, 0, 0, 0, 0, 13, 41, 340
"c:\Users\umara\Desktop\Vaultorix\dependencies\openssl\include\openssl\camellia.h", "C++", 88, 0, 0, 0, 0, 0, 0, 0, 14, 16, 118
"c:\Users\umara\Desktop\Vaultorix\dependencies\openssl\include\openssl\cast.h", "C++", 51, 0, 0, 0, 0, 0, 0, 0, 8, 13, 72
"c:\Users\umara\Desktop\Vaultorix\dependencies\openssl\include\openssl\cmac.h", "C++", 35, 0, 0, 0, 0, 0, 0, 0, 9, 9, 53
"c:\Users\umara\Desktop\Vaultorix\dependencies\openssl\include\openssl\cmp.h", "C++", 554, 0, 0, 0, 0, 0, 0, 0, 133, 41, 728
"c:\Users\umara\Desktop\Vaultorix\dependencies\openssl\include\openssl\cmp_util.h", "C++", 34, 0, 0, 0, 0, 0, 0, 0, 14, 9, 57
"c:\Users\umara\Desktop\Vaultorix\dependencies\openssl\include\openssl\cmperr.h", "C++", 115, 0, 0, 0, 0, 0, 0, 0, 12, 8, 135
"c:\Users\umara\Desktop\Vaultorix\dependencies\openssl\include\openssl\cms.h", "C++", 438, 0, 0, 0, 0, 0, 0, 0, 13, 61, 512
"c:\Users\umara\Desktop\Vaultorix\dependencies\openssl\include\openssl\cmserr.h", "C++", 107, 0, 0, 0, 0, 0, 0, 0, 12, 8, 127
"c:\Users\umara\Desktop\Vaultorix\dependencies\openssl\include\openssl\comp.h", "C++", 70, 0, 0, 0, 0, 0, 0, 0, 8, 21, 99
"c:\Users\umara\Desktop\Vaultorix\dependencies\openssl\include\openssl\comperr.h", "C++", 19, 0, 0, 0, 0, 0, 0, 0, 12, 8, 39
"c:\Users\umara\Desktop\Vaultorix\dependencies\openssl\include\openssl\conf.h", "C++", 167, 0, 0, 0, 0, 0, 0, 0, 18, 30, 215
"c:\Users\umara\Desktop\Vaultorix\dependencies\openssl\include\openssl\conf_api.h", "C++", 27, 0, 0, 0, 0, 0, 0, 0, 11, 9, 47
"c:\Users\umara\Desktop\Vaultorix\dependencies\openssl\include\openssl\conferr.h", "C++", 34, 0, 0, 0, 0, 0, 0, 0, 12, 7, 53
"c:\Users\umara\Desktop\Vaultorix\dependencies\openssl\include\openssl\configuration.h", "C++", 153, 0, 0, 0, 0, 0, 0, 0, 20, 13, 186
"c:\Users\umara\Desktop\Vaultorix\dependencies\openssl\include\openssl\conftypes.h", "C++", 28, 0, 0, 0, 0, 0, 0, 0, 11, 6, 45
"c:\Users\umara\Desktop\Vaultorix\dependencies\openssl\include\openssl\core.h", "C++", 64, 0, 0, 0, 0, 0, 0, 0, 155, 18, 237
"c:\Users\umara\Desktop\Vaultorix\dependencies\openssl\include\openssl\core_dispatch.h", "C++", 912, 0, 0, 0, 0, 0, 0, 0, 148, 86, 1146
"c:\Users\umara\Desktop\Vaultorix\dependencies\openssl\include\openssl\core_names.h", "C++", 533, 0, 0, 0, 0, 0, 0, 0, 23, 20, 576
"c:\Users\umara\Desktop\Vaultorix\dependencies\openssl\include\openssl\core_object.h", "C++", 15, 0, 0, 0, 0, 0, 0, 0, 20, 7, 42
"c:\Users\umara\Desktop\Vaultorix\dependencies\openssl\include\openssl\crmf.h", "C++", 237, 0, 0, 0, 0, 0, 0, 0, 18, 24, 279
"c:\Users\umara\Desktop\Vaultorix\dependencies\openssl\include\openssl\crmferr.h", "C++", 38, 0, 0, 0, 0, 0, 0, 0, 12, 8, 58
"c:\Users\umara\Desktop\Vaultorix\dependencies\openssl\include\openssl\crypto.h", "C++", 421, 0, 0, 0, 0, 0, 0, 0, 92, 71, 584
"c:\Users\umara\Desktop\Vaultorix\dependencies\openssl\include\openssl\cryptoerr.h", "C++", 38, 0, 0, 0, 0, 0, 0, 0, 12, 7, 57
"c:\Users\umara\Desktop\Vaultorix\dependencies\openssl\include\openssl\cryptoerr_legacy.h", "C++", 1323, 0, 0, 0, 0, 0, 0, 0, 105, 39, 1467
"c:\Users\umara\Desktop\Vaultorix\dependencies\openssl\include\openssl\ct.h", "C++", 179, 0, 0, 0, 0, 0, 0, 0, 313, 82, 574
"c:\Users\umara\Desktop\Vaultorix\dependencies\openssl\include\openssl\cterr.h", "C++", 26, 0, 0, 0, 0, 0, 0, 0, 12, 8, 46
"c:\Users\umara\Desktop\Vaultorix\dependencies\openssl\include\openssl\decoder.h", "C++", 98, 0, 0, 0, 0, 0, 0, 0, 17, 19, 134
"c:\Users\umara\Desktop\Vaultorix\dependencies\openssl\include\openssl\decodererr.h", "C++", 10, 0, 0, 0, 0, 0, 0, 0, 12, 7, 29
"c:\Users\umara\Desktop\Vaultorix\dependencies\openssl\include\openssl\des.h", "C++", 153, 0, 0, 0, 0, 0, 0, 0, 38, 21, 212
"c:\Users\umara\Desktop\Vaultorix\dependencies\openssl\include\openssl\dh.h", "C++", 249, 0, 0, 0, 0, 0, 0, 0, 44, 47, 340
"c:\Users\umara\Desktop\Vaultorix\dependencies\openssl\include\openssl\dherr.h", "C++", 40, 0, 0, 0, 0, 0, 0, 0, 12, 8, 60
"c:\Users\umara\Desktop\Vaultorix\dependencies\openssl\include\openssl\dsa.h", "C++", 206, 0, 0, 0, 0, 0, 0, 0, 39, 36, 281
"c:\Users\umara\Desktop\Vaultorix\dependencies\openssl\include\openssl\dsaerr.h", "C++", 25, 0, 0, 0, 0, 0, 0, 0, 12, 8, 45
"c:\Users\umara\Desktop\Vaultorix\dependencies\openssl\include\openssl\dtls1.h", "C++", 30, 0, 0, 0, 0, 0, 0, 0, 11, 17, 58
"c:\Users\umara\Desktop\Vaultorix\dependencies\openssl\include\openssl\e_os2.h", "C++", 210, 0, 0, 0, 0, 0, 0, 0, 73, 28, 311
"c:\Users\umara\Desktop\Vaultorix\dependencies\openssl\include\openssl\e_ostime.h", "C++", 14, 0, 0, 0, 0, 0, 0, 0, 19, 6, 39
"c:\Users\umara\Desktop\Vaultorix\dependencies\openssl\include\openssl\ebcdic.h", "C++", 23, 0, 0, 0, 0, 0, 0, 0, 9, 8, 40
"c:\Users\umara\Desktop\Vaultorix\dependencies\openssl\include\openssl\ec.h", "C++", 518, 0, 0, 0, 0, 0, 0, 0, 867, 204, 1589
"c:\Users\umara\Desktop\Vaultorix\dependencies\openssl\include\openssl\ecdh.h", "C++", 1, 0, 0, 0, 0, 0, 0, 0, 8, 2, 11
"c:\Users\umara\Desktop\Vaultorix\dependencies\openssl\include\openssl\ecdsa.h", "C++", 1, 0, 0, 0, 0, 0, 0, 0, 8, 2, 11
"c:\Users\umara\Desktop\Vaultorix\dependencies\openssl\include\openssl\ecerr.h", "C++", 85, 0, 0, 0, 0, 0, 0, 0, 12, 8, 105
"c:\Users\umara\Desktop\Vaultorix\dependencies\openssl\include\openssl\encoder.h", "C++", 92, 0, 0, 0, 0, 0, 0, 0, 16, 17, 125
"c:\Users\umara\Desktop\Vaultorix\dependencies\openssl\include\openssl\encodererr.h", "C++", 10, 0, 0, 0, 0, 0, 0, 0, 12, 7, 29
"c:\Users\umara\Desktop\Vaultorix\dependencies\openssl\include\openssl\engine.h", "C++", 378, 0, 0, 0, 0, 0, 0, 0, 405, 51, 834
"c:\Users\umara\Desktop\Vaultorix\dependencies\openssl\include\openssl\engineerr.h", "C++", 44, 0, 0, 0, 0, 0, 0, 0, 12, 8, 64
"c:\Users\umara\Desktop\Vaultorix\dependencies\openssl\include\openssl\err.h", "C++", 376, 0, 0, 0, 0, 0, 0, 0, 85, 52, 513
"c:\Users\umara\Desktop\Vaultorix\dependencies\openssl\include\openssl\ess.h", "C++", 96, 0, 0, 0, 0, 0, 0, 0, 11, 22, 129
"c:\Users\umara\Desktop\Vaultorix\dependencies\openssl\include\openssl\esserr.h", "C++", 16, 0, 0, 0, 0, 0, 0, 0, 12, 5, 33
"c:\Users\umara\Desktop\Vaultorix\dependencies\openssl\include\openssl\evp.h", "C++", 1957, 0, 0, 0, 0, 0, 0, 0, 138, 216, 2311
"c:\Users\umara\Desktop\Vaultorix\dependencies\openssl\include\openssl\evperr.h", "C++", 130, 0, 0, 0, 0, 0, 0, 0, 12, 7, 149
"c:\Users\umara\Desktop\Vaultorix\dependencies\openssl\include\openssl\fips_names.h", "C++", 18, 0, 0, 0, 0, 0, 0, 0, 23, 10, 51
"c:\Users\umara\Desktop\Vaultorix\dependencies\openssl\include\openssl\fipskey.h", "C++", 14, 0, 0, 0, 0, 0, 0, 0, 20, 8, 42
"c:\Users\umara\Desktop\Vaultorix\dependencies\openssl\include\openssl\hmac.h", "C++", 44, 0, 0, 0, 0, 0, 0, 0, 8, 11, 63
"c:\Users\umara\Desktop\Vaultorix\dependencies\openssl\include\openssl\hpke.h", "C++", 117, 0, 0, 0, 0, 0, 0, 0, 29, 24, 170
"c:\Users\umara\Desktop\Vaultorix\dependencies\openssl\include\openssl\http.h", "C++", 92, 0, 0, 0, 0, 0, 0, 0, 13, 15, 120
"c:\Users\umara\Desktop\Vaultorix\dependencies\openssl\include\openssl\httperr.h", "C++", 38, 0, 0, 0, 0, 0, 0, 0, 12, 7, 57
"c:\Users\umara\Desktop\Vaultorix\dependencies\openssl\include\openssl\idea.h", "C++", 62, 0, 0, 0, 0, 0, 0, 0, 8, 13, 83
"c:\Users\umara\Desktop\Vaultorix\dependencies\openssl\include\openssl\indicator.h", "C++", 17, 0, 0, 0, 0, 0, 0, 0, 8, 7, 32
"c:\Users\umara\Desktop\Vaultorix\dependencies\openssl\include\openssl\kdf.h", "C++", 100, 0, 0, 0, 0, 0, 0, 0, 9, 30, 139
"c:\Users\umara\Desktop\Vaultorix\dependencies\openssl\include\openssl\kdferr.h", "C++", 5, 0, 0, 0, 0, 0, 0, 0, 8, 4, 17
"c:\Users\umara\Desktop\Vaultorix\dependencies\openssl\include\openssl\lhash.h", "C++", 343, 0, 0, 0, 0, 0, 0, 0, 24, 32, 399
"c:\Users\umara\Desktop\Vaultorix\dependencies\openssl\include\openssl\macros.h", "C++", 228, 0, 0, 0, 0, 0, 0, 0, 99, 23, 350
"c:\Users\umara\Desktop\Vaultorix\dependencies\openssl\include\openssl\md2.h", "C++", 38, 0, 0, 0, 0, 0, 0, 0, 8, 11, 57
"c:\Users\umara\Desktop\Vaultorix\dependencies\openssl\include\openssl\md4.h", "C++", 39, 0, 0, 0, 0, 0, 0, 0, 13, 12, 64
"c:\Users\umara\Desktop\Vaultorix\dependencies\openssl\include\openssl\md5.h", "C++", 39, 0, 0, 0, 0, 0, 0, 0, 13, 11, 63
"c:\Users\umara\Desktop\Vaultorix\dependencies\openssl\include\openssl\mdc2.h", "C++", 37, 0, 0, 0, 0, 0, 0, 0, 8, 11, 56
"c:\Users\umara\Desktop\Vaultorix\dependencies\openssl\include\openssl\ml_kem.h", "C++", 17, 0, 0, 0, 0, 0, 0, 0, 8, 7, 32
"c:\Users\umara\Desktop\Vaultorix\dependencies\openssl\include\openssl\modes.h", "C++", 183, 0, 0, 0, 0, 0, 0, 0, 8, 29, 220
"c:\Users\umara\Desktop\Vaultorix\dependencies\openssl\include\openssl\obj_mac.h", "C++", 5102, 0, 0, 0, 0, 0, 0, 0, 10, 1525, 6637
"c:\Users\umara\Desktop\Vaultorix\dependencies\openssl\include\openssl\objects.h", "C++", 126, 0, 0, 0, 0, 0, 0, 0, 34, 25, 185
"c:\Users\umara\Desktop\Vaultorix\dependencies\openssl\include\openssl\objectserr.h", "C++", 10, 0, 0, 0, 0, 0, 0, 0, 12, 7, 29
"c:\Users\umara\Desktop\Vaultorix\dependencies\openssl\include\openssl\ocsp.h", "C++", 381, 0, 0, 0, 0, 0, 0, 0, 31, 72, 484
"c:\Users\umara\Desktop\Vaultorix\dependencies\openssl\include\openssl\ocsperr.h", "C++", 34, 0, 0, 0, 0, 0, 0, 0, 12, 8, 54
"c:\Users\umara\Desktop\Vaultorix\dependencies\openssl\include\openssl\opensslconf.h", "C++", 6, 0, 0, 0, 0, 0, 0, 0, 8, 4, 18
"c:\Users\umara\Desktop\Vaultorix\dependencies\openssl\include\openssl\opensslv.h", "C++", 36, 0, 0, 0, 0, 0, 0, 0, 60, 19, 115
"c:\Users\umara\Desktop\Vaultorix\dependencies\openssl\include\openssl\ossl_typ.h", "C++", 1, 0, 0, 0, 0, 0, 0, 0, 14, 2, 17
"c:\Users\umara\Desktop\Vaultorix\dependencies\openssl\include\openssl\param_build.h", "C++", 48, 0, 0, 0, 0, 0, 0, 0, 9, 7, 64
"c:\Users\umara\Desktop\Vaultorix\dependencies\openssl\include\openssl\params.h", "C++", 126, 0, 0, 0, 0, 0, 0, 0, 12, 26, 164
"c:\Users\umara\Desktop\Vaultorix\dependencies\openssl\include\openssl\pem.h", "C++", 466, 0, 0, 0, 0, 0, 0, 0, 21, 62, 549
"c:\Users\umara\Desktop\Vaultorix\dependencies\openssl\include\openssl\pem2.h", "C++", 9, 0, 0, 0, 0, 0, 0, 0, 8, 3, 20
"c:\Users\umara\Desktop\Vaultorix\dependencies\openssl\include\openssl\pemerr.h", "C++", 41, 0, 0, 0, 0, 0, 0, 0, 12, 7, 60
"c:\Users\umara\Desktop\Vaultorix\dependencies\openssl\include\openssl\pkcs12.h", "C++", 307, 0, 0, 0, 0, 0, 0, 0, 16, 44, 367
"c:\Users\umara\Desktop\Vaultorix\dependencies\openssl\include\openssl\pkcs12err.h", "C++", 28, 0, 0, 0, 0, 0, 0, 0, 12, 7, 47
"c:\Users\umara\Desktop\Vaultorix\dependencies\openssl\include\openssl\pkcs7.h", "C++", 335, 0, 0, 0, 0, 0, 0, 0, 41, 55, 431
"c:\Users\umara\Desktop\Vaultorix\dependencies\openssl\include\openssl\pkcs7err.h", "C++", 45, 0, 0, 0, 0, 0, 0, 0, 12, 7, 64
"c:\Users\umara\Desktop\Vaultorix\dependencies\openssl\include\openssl\prov_ssl.h", "C++", 20, 0, 0, 0, 0, 0, 0, 0, 11, 8, 39
"c:\Users\umara\Desktop\Vaultorix\dependencies\openssl\include\openssl\proverr.h", "C++", 151, 0, 0, 0, 0, 0, 0, 0, 12, 7, 170
"c:\Users\umara\Desktop\Vaultorix\dependencies\openssl\include\openssl\provider.h", "C++", 49, 0, 0, 0, 0, 0, 0, 0, 33, 13, 95
"c:\Users\umara\Desktop\Vaultorix\dependencies\openssl\include\openssl\quic.h", "C++", 40, 0, 0, 0, 0, 0, 0, 0, 22, 14, 76
"c:\Users\umara\Desktop\Vaultorix\dependencies\openssl\include\openssl\rand.h", "C++", 82, 0, 0, 0, 0, 0, 0, 0, 26, 24, 132
"c:\Users\umara\Desktop\Vaultorix\dependencies\openssl\include\openssl\randerr.h", "C++", 52, 0, 0, 0, 0, 0, 0, 0, 12, 7, 71
"c:\Users\umara\Desktop\Vaultorix\dependencies\openssl\include\openssl\rc2.h", "C++", 50, 0, 0, 0, 0, 0, 0, 0, 8, 11, 69
"c:\Users\umara\Desktop\Vaultorix\dependencies\openssl\include\openssl\rc4.h", "C++", 32, 0, 0, 0, 0, 0, 0, 0, 8, 8, 48
"c:\Users\umara\Desktop\Vaultorix\dependencies\openssl\include\openssl\rc5.h", "C++", 55, 0, 0, 0, 0, 0, 0, 0, 13, 12, 80
"c:\Users\umara\Desktop\Vaultorix\dependencies\openssl\include\openssl\ripemd.h", "C++", 41, 0, 0, 0, 0, 0, 0, 0, 8, 11, 60
"c:\Users\umara\Desktop\Vaultorix\dependencies\openssl\include\openssl\rsa.h", "C++", 462, 0, 0, 0, 0, 0, 0, 0, 87, 67, 616
"c:\Users\umara\Desktop\Vaultorix\dependencies\openssl\include\openssl\rsaerr.h", "C++", 89, 0, 0, 0, 0, 0, 0, 0, 12, 7, 108
"c:\Users\umara\Desktop\Vaultorix\dependencies\openssl\include\openssl\safestack.h", "C++", 244, 0, 0, 0, 0, 0, 0, 0, 37, 17, 298
"c:\Users\umara\Desktop\Vaultorix\dependencies\openssl\include\openssl\seed.h", "C++", 68, 0, 0, 0, 0, 0, 0, 0, 33, 13, 114
"c:\Users\umara\Desktop\Vaultorix\dependencies\openssl\include\openssl\self_test.h", "C++", 92, 0, 0, 0, 0, 0, 0, 0, 11, 11, 114
"c:\Users\umara\Desktop\Vaultorix\dependencies\openssl\include\openssl\sha.h", "C++", 91, 0, 0, 0, 0, 0, 0, 0, 27, 22, 140
"c:\Users\umara\Desktop\Vaultorix\dependencies\openssl\include\openssl\srp.h", "C++", 222, 0, 0, 0, 0, 0, 0, 0, 27, 37, 286
"c:\Users\umara\Desktop\Vaultorix\dependencies\openssl\include\openssl\srtp.h", "C++", 37, 0, 0, 0, 0, 0, 0, 0, 16, 16, 69
"c:\Users\umara\Desktop\Vaultorix\dependencies\openssl\include\openssl\ssl.h", "C++", 2162, 0, 0, 0, 0, 0, 0, 0, 464, 308, 2934
"c:\Users\umara\Desktop\Vaultorix\dependencies\openssl\include\openssl\ssl2.h", "C++", 16, 0, 0, 0, 0, 0, 0, 0, 8, 7, 31
"c:\Users\umara\Desktop\Vaultorix\dependencies\openssl\include\openssl\ssl3.h", "C++", 232, 0, 0, 0, 0, 0, 0, 0, 68, 59, 359
"c:\Users\umara\Desktop\Vaultorix\dependencies\openssl\include\openssl\sslerr.h", "C++", 364, 0, 0, 0, 0, 0, 0, 0, 12, 7, 383
"c:\Users\umara\Desktop\Vaultorix\dependencies\openssl\include\openssl\sslerr_legacy.h", "C++", 441, 0, 0, 0, 0, 0, 0, 0, 18, 9, 468
"c:\Users\umara\Desktop\Vaultorix\dependencies\openssl\include\openssl\stack.h", "C++", 71, 0, 0, 0, 0, 0, 0, 0, 8, 12, 91
"c:\Users\umara\Desktop\Vaultorix\dependencies\openssl\include\openssl\store.h", "C++", 202, 0, 0, 0, 0, 0, 0, 0, 132, 44, 378
"c:\Users\umara\Desktop\Vaultorix\dependencies\openssl\include\openssl\storeerr.h", "C++", 31, 0, 0, 0, 0, 0, 0, 0, 12, 7, 50
"c:\Users\umara\Desktop\Vaultorix\dependencies\openssl\include\openssl\symhacks.h", "C++", 23, 0, 0, 0, 0, 0, 0, 0, 9, 8, 40
"c:\Users\umara\Desktop\Vaultorix\dependencies\openssl\include\openssl\thread.h", "C++", 15, 0, 0, 0, 0, 0, 0, 0, 9, 8, 32
"c:\Users\umara\Desktop\Vaultorix\dependencies\openssl\include\openssl\tls1.h", "C++", 924, 0, 0, 0, 0, 0, 0, 0, 144, 153, 1221
"c:\Users\umara\Desktop\Vaultorix\dependencies\openssl\include\openssl\trace.h", "C++", 110, 0, 0, 0, 0, 0, 0, 0, 167, 45, 322
"c:\Users\umara\Desktop\Vaultorix\dependencies\openssl\include\openssl\ts.h", "C++", 308, 0, 0, 0, 0, 0, 0, 0, 118, 97, 523
"c:\Users\umara\Desktop\Vaultorix\dependencies\openssl\include\openssl\tserr.h", "C++", 48, 0, 0, 0, 0, 0, 0, 0, 12, 8, 68
"c:\Users\umara\Desktop\Vaultorix\dependencies\openssl\include\openssl\txt_db.h", "C++", 45, 0, 0, 0, 0, 0, 0, 0, 8, 11, 64
"c:\Users\umara\Desktop\Vaultorix\dependencies\openssl\include\openssl\types.h", "C++", 182, 0, 0, 0, 0, 0, 0, 0, 12, 55, 249
"c:\Users\umara\Desktop\Vaultorix\dependencies\openssl\include\openssl\ui.h", "C++", 158, 0, 0, 0, 0, 0, 0, 0, 212, 38, 408
"c:\Users\umara\Desktop\Vaultorix\dependencies\openssl\include\openssl\uierr.h", "C++", 20, 0, 0, 0, 0, 0, 0, 0, 12, 7, 39
"c:\Users\umara\Desktop\Vaultorix\dependencies\openssl\include\openssl\whrlpool.h", "C++", 43, 0, 0, 0, 0, 0, 0, 0, 9, 11, 63
"c:\Users\umara\Desktop\Vaultorix\dependencies\openssl\include\openssl\x509.h", "C++", 1085, 0, 0, 0, 0, 0, 0, 0, 62, 157, 1304
"c:\Users\umara\Desktop\Vaultorix\dependencies\openssl\include\openssl\x509_acert.h", "C++", 241, 0, 0, 0, 0, 0, 0, 0, 11, 43, 295
"c:\Users\umara\Desktop\Vaultorix\dependencies\openssl\include\openssl\x509_vfy.h", "C++", 722, 0, 0, 0, 0, 0, 0, 0, 89, 93, 904
"c:\Users\umara\Desktop\Vaultorix\dependencies\openssl\include\openssl\x509err.h", "C++", 52, 0, 0, 0, 0, 0, 0, 0, 12, 7, 71
"c:\Users\umara\Desktop\Vaultorix\dependencies\openssl\include\openssl\x509v3.h", "C++", 1642, 0, 0, 0, 0, 0, 0, 0, 88, 239, 1969
"c:\Users\umara\Desktop\Vaultorix\dependencies\openssl\include\openssl\x509v3err.h", "C++", 79, 0, 0, 0, 0, 0, 0, 0, 12, 7, 98
"c:\Users\umara\Desktop\Vaultorix\dependencies\qtkeychain\CMakeLists.txt", "CMake", 0, 0, 0, 0, 0, 0, 62, 0, 0, 9, 71
"c:\Users\umara\Desktop\Vaultorix\dependencies\qtkeychain\androidkeystore.cpp", "C++", 242, 0, 0, 0, 0, 0, 0, 0, 0, 63, 305
"c:\Users\umara\Desktop\Vaultorix\dependencies\qtkeychain\androidkeystore_p.h", "C++", 275, 0, 0, 0, 0, 0, 0, 0, 8, 100, 383
"c:\Users\umara\Desktop\Vaultorix\dependencies\qtkeychain\gnomekeyring.cpp", "C++", 77, 0, 0, 0, 0, 0, 0, 0, 0, 10, 87
"c:\Users\umara\Desktop\Vaultorix\dependencies\qtkeychain\gnomekeyring_p.h", "C++", 77, 0, 0, 0, 0, 0, 0, 0, 0, 18, 95
"c:\Users\umara\Desktop\Vaultorix\dependencies\qtkeychain\keychain.cpp", "C++", 176, 0, 0, 0, 0, 0, 0, 0, 8, 52, 236
"c:\Users\umara\Desktop\Vaultorix\dependencies\qtkeychain\keychain.h", "C++", 93, 0, 0, 0, 0, 0, 0, 0, 145, 45, 283
"c:\Users\umara\Desktop\Vaultorix\dependencies\qtkeychain\keychain_android.cpp", "C++", 146, 0, 0, 0, 0, 0, 0, 0, 8, 44, 198
"c:\Users\umara\Desktop\Vaultorix\dependencies\qtkeychain\keychain_apple.mm", "Objective-C++", 0, 0, 0, 0, 0, 214, 0, 0, 8, 42, 264
"c:\Users\umara\Desktop\Vaultorix\dependencies\qtkeychain\keychain_haiku.cpp", "C++", 148, 0, 0, 0, 0, 0, 0, 0, 11, 34, 193
"c:\Users\umara\Desktop\Vaultorix\dependencies\qtkeychain\keychain_p.h", "C++", 119, 0, 0, 0, 0, 0, 0, 0, 8, 41, 168
"c:\Users\umara\Desktop\Vaultorix\dependencies\qtkeychain\keychain_unix.cpp", "C++", 508, 0, 0, 0, 0, 0, 0, 0, 46, 84, 638
"c:\Users\umara\Desktop\Vaultorix\dependencies\qtkeychain\keychain_win.cpp", "C++", 228, 0, 0, 0, 0, 0, 0, 0, 26, 39, 293
"c:\Users\umara\Desktop\Vaultorix\dependencies\qtkeychain\libsecret.cpp", "C++", 308, 0, 0, 0, 0, 0, 0, 0, 0, 37, 345
"c:\Users\umara\Desktop\Vaultorix\dependencies\qtkeychain\libsecret_p.h", "C++", 23, 0, 0, 0, 0, 0, 0, 0, 0, 11, 34
"c:\Users\umara\Desktop\Vaultorix\dependencies\qtkeychain\org.kde.KWallet.xml", "XML", 0, 0, 276, 0, 0, 0, 0, 0, 0, 1, 277
"c:\Users\umara\Desktop\Vaultorix\dependencies\qtkeychain\plaintextstore.cpp", "C++", 81, 0, 0, 0, 0, 0, 0, 0, 9, 21, 111
"c:\Users\umara\Desktop\Vaultorix\dependencies\qtkeychain\plaintextstore_p.h", "C++", 25, 0, 0, 0, 0, 0, 0, 0, 9, 14, 48
"c:\Users\umara\Desktop\Vaultorix\resources\IconManager.cpp", "C++", 151, 0, 0, 0, 0, 0, 0, 0, 1, 45, 197
"c:\Users\umara\Desktop\Vaultorix\resources\IconManager.h", "C++", 13, 0, 0, 0, 0, 0, 0, 0, 0, 3, 16
"c:\Users\umara\Desktop\Vaultorix\resources\Icons.h", "C++", 130, 0, 0, 0, 0, 0, 0, 0, 0, 29, 159
"c:\Users\umara\Desktop\Vaultorix\resources\IllustrationManager.cpp", "C++", 33, 0, 0, 0, 0, 0, 0, 0, 0, 16, 49
"c:\Users\umara\Desktop\Vaultorix\resources\IllustrationManager.h", "C++", 7, 0, 0, 0, 0, 0, 0, 0, 0, 3, 10
"c:\Users\umara\Desktop\Vaultorix\resources\Illustrations.h", "C++", 16, 0, 0, 0, 0, 0, 0, 0, 0, 2, 18
"c:\Users\umara\Desktop\Vaultorix\resources\icons\about-dark.svg", "XML", 0, 0, 1, 0, 0, 0, 0, 0, 0, 0, 1
"c:\Users\umara\Desktop\Vaultorix\resources\icons\about-light.svg", "XML", 0, 0, 1, 0, 0, 0, 0, 0, 0, 0, 1
"c:\Users\umara\Desktop\Vaultorix\resources\icons\account-settings.svg", "XML", 0, 0, 1, 0, 0, 0, 0, 0, 0, 0, 1
"c:\Users\umara\Desktop\Vaultorix\resources\icons\application.svg", "XML", 0, 0, 1, 0, 0, 0, 0, 0, 0, 0, 1
"c:\Users\umara\Desktop\Vaultorix\resources\icons\archive.svg", "XML", 0, 0, 1, 0, 0, 0, 0, 0, 0, 0, 1
"c:\Users\umara\Desktop\Vaultorix\resources\icons\arrow-down.svg", "XML", 0, 0, 1, 0, 0, 0, 0, 0, 0, 0, 1
"c:\Users\umara\Desktop\Vaultorix\resources\icons\arrow-right.svg", "XML", 0, 0, 1, 0, 0, 0, 0, 0, 0, 0, 1
"c:\Users\umara\Desktop\Vaultorix\resources\icons\avator.svg", "XML", 0, 0, 18, 0, 0, 0, 0, 0, 1, 17, 36
"c:\Users\umara\Desktop\Vaultorix\resources\icons\backup.svg", "XML", 0, 0, 1, 0, 0, 0, 0, 0, 0, 0, 1
"c:\Users\umara\Desktop\Vaultorix\resources\icons\bug-dark.svg", "XML", 0, 0, 1, 0, 0, 0, 0, 0, 0, 0, 1
"c:\Users\umara\Desktop\Vaultorix\resources\icons\bug-light.svg", "XML", 0, 0, 1, 0, 0, 0, 0, 0, 0, 0, 1
"c:\Users\umara\Desktop\Vaultorix\resources\icons\checkbox-check.svg", "XML", 0, 0, 1, 0, 0, 0, 0, 0, 0, 0, 1
"c:\Users\umara\Desktop\Vaultorix\resources\icons\copy.svg", "XML", 0, 0, 10, 0, 0, 0, 0, 0, 1, 1, 12
"c:\Users\umara\Desktop\Vaultorix\resources\icons\cut.svg", "XML", 0, 0, 13, 0, 0, 0, 0, 0, 1, 1, 15
"c:\Users\umara\Desktop\Vaultorix\resources\icons\darkMode.svg", "XML", 0, 0, 1, 0, 0, 0, 0, 0, 0, 0, 1
"c:\Users\umara\Desktop\Vaultorix\resources\icons\decrypt.svg", "XML", 0, 0, 1, 0, 0, 0, 0, 0, 0, 0, 1
"c:\Users\umara\Desktop\Vaultorix\resources\icons\decryptDark.svg", "XML", 0, 0, 1, 0, 0, 0, 0, 0, 0, 0, 1
"c:\Users\umara\Desktop\Vaultorix\resources\icons\decryptLight.svg", "XML", 0, 0, 1, 0, 0, 0, 0, 0, 0, 0, 1
"c:\Users\umara\Desktop\Vaultorix\resources\icons\delegate-check.svg", "XML", 0, 0, 1, 0, 0, 0, 0, 0, 0, 0, 1
"c:\Users\umara\Desktop\Vaultorix\resources\icons\document.svg", "XML", 0, 0, 1, 0, 0, 0, 0, 0, 0, 0, 1
"c:\Users\umara\Desktop\Vaultorix\resources\icons\dot.svg", "XML", 0, 0, 1, 0, 0, 0, 0, 0, 0, 0, 1
"c:\Users\umara\Desktop\Vaultorix\resources\icons\encrypt.svg", "XML", 0, 0, 1, 0, 0, 0, 0, 0, 0, 0, 1
"c:\Users\umara\Desktop\Vaultorix\resources\icons\encryptDark.svg", "XML", 0, 0, 1, 0, 0, 0, 0, 0, 0, 0, 1
"c:\Users\umara\Desktop\Vaultorix\resources\icons\encryptLight.svg", "XML", 0, 0, 1, 0, 0, 0, 0, 0, 0, 0, 1
"c:\Users\umara\Desktop\Vaultorix\resources\icons\fileDelete.svg", "XML", 0, 0, 1, 0, 0, 0, 0, 0, 0, 0, 1
"c:\Users\umara\Desktop\Vaultorix\resources\icons\fileTypes\AI.svg", "XML", 0, 0, 12, 0, 0, 0, 0, 0, 0, 1, 13
"c:\Users\umara\Desktop\Vaultorix\resources\icons\fileTypes\AVI.svg", "XML", 0, 0, 14, 0, 0, 0, 0, 0, 0, 1, 15
"c:\Users\umara\Desktop\Vaultorix\resources\icons\fileTypes\BMP.svg", "XML", 0, 0, 14, 0, 0, 0, 0, 0, 0, 1, 15
"c:\Users\umara\Desktop\Vaultorix\resources\icons\fileTypes\CRD.svg", "XML", 0, 0, 17, 0, 0, 0, 0, 0, 0, 1, 18
"c:\Users\umara\Desktop\Vaultorix\resources\icons\fileTypes\CSV.svg", "XML", 0, 0, 16, 0, 0, 0, 0, 0, 0, 1, 17
"c:\Users\umara\Desktop\Vaultorix\resources\icons\fileTypes\DLL.svg", "XML", 0, 0, 37, 0, 0, 0, 0, 0, 0, 1, 38
"c:\Users\umara\Desktop\Vaultorix\resources\icons\fileTypes\DOC.svg", "XML", 0, 0, 15, 0, 0, 0, 0, 0, 0, 1, 16
"c:\Users\umara\Desktop\Vaultorix\resources\icons\fileTypes\DOCX.svg", "XML", 0, 0, 16, 0, 0, 0, 0, 0, 0, 1, 17
"c:\Users\umara\Desktop\Vaultorix\resources\icons\fileTypes\DWG.svg", "XML", 0, 0, 14, 0, 0, 0, 0, 0, 0, 1, 15
"c:\Users\umara\Desktop\Vaultorix\resources\icons\fileTypes\EPS.svg", "XML", 0, 0, 18, 0, 0, 0, 0, 0, 0, 1, 19
"c:\Users\umara\Desktop\Vaultorix\resources\icons\fileTypes\EXE.svg", "XML", 0, 0, 24, 0, 0, 0, 0, 0, 0, 1, 25
"c:\Users\umara\Desktop\Vaultorix\resources\icons\fileTypes\FLV.svg", "XML", 0, 0, 13, 0, 0, 0, 0, 0, 0, 1, 14
"c:\Users\umara\Desktop\Vaultorix\resources\icons\fileTypes\GIFF.svg", "XML", 0, 0, 15, 0, 0, 0, 0, 0, 0, 1, 16
"c:\Users\umara\Desktop\Vaultorix\resources\icons\fileTypes\HTML.svg", "XML", 0, 0, 15, 0, 0, 0, 0, 0, 0, 1, 16
"c:\Users\umara\Desktop\Vaultorix\resources\icons\fileTypes\ISO.svg", "XML", 0, 0, 15, 0, 0, 0, 0, 0, 0, 1, 16
"c:\Users\umara\Desktop\Vaultorix\resources\icons\fileTypes\JAVA.svg", "XML", 0, 0, 17, 0, 0, 0, 0, 0, 0, 1, 18
"c:\Users\umara\Desktop\Vaultorix\resources\icons\fileTypes\JPG.svg", "XML", 0, 0, 14, 0, 0, 0, 0, 0, 0, 1, 15
"c:\Users\umara\Desktop\Vaultorix\resources\icons\fileTypes\MDB.svg", "XML", 0, 0, 12, 0, 0, 0, 0, 0, 0, 1, 13
"c:\Users\umara\Desktop\Vaultorix\resources\icons\fileTypes\MID.svg", "XML", 0, 0, 14, 0, 0, 0, 0, 0, 0, 1, 15
"c:\Users\umara\Desktop\Vaultorix\resources\icons\fileTypes\MOV.svg", "XML", 0, 0, 13, 0, 0, 0, 0, 0, 0, 1, 14
"c:\Users\umara\Desktop\Vaultorix\resources\icons\fileTypes\MP3.svg", "XML", 0, 0, 14, 0, 0, 0, 0, 0, 0, 1, 15
"c:\Users\umara\Desktop\Vaultorix\resources\icons\fileTypes\MP4.svg", "XML", 0, 0, 13, 0, 0, 0, 0, 0, 0, 1, 14
"c:\Users\umara\Desktop\Vaultorix\resources\icons\fileTypes\MPEG.svg", "XML", 0, 0, 14, 0, 0, 0, 0, 0, 0, 1, 15
"c:\Users\umara\Desktop\Vaultorix\resources\icons\fileTypes\PDF.svg", "XML", 0, 0, 17, 0, 0, 0, 0, 0, 0, 1, 18
"c:\Users\umara\Desktop\Vaultorix\resources\icons\fileTypes\PNG.svg", "XML", 0, 0, 29, 0, 0, 0, 0, 0, 0, 1, 30
"c:\Users\umara\Desktop\Vaultorix\resources\icons\fileTypes\PPT.svg", "XML", 0, 0, 17, 0, 0, 0, 0, 0, 0, 1, 18
"c:\Users\umara\Desktop\Vaultorix\resources\icons\fileTypes\PS.svg", "XML", 0, 0, 11, 0, 0, 0, 0, 0, 0, 1, 12
"c:\Users\umara\Desktop\Vaultorix\resources\icons\fileTypes\PSD.svg", "XML", 0, 0, 12, 0, 0, 0, 0, 0, 0, 1, 13
"c:\Users\umara\Desktop\Vaultorix\resources\icons\fileTypes\PUB.svg", "XML", 0, 0, 18, 0, 0, 0, 0, 0, 0, 1, 19
"c:\Users\umara\Desktop\Vaultorix\resources\icons\fileTypes\RAR.svg", "XML", 0, 0, 20, 0, 0, 0, 0, 0, 0, 1, 21
"c:\Users\umara\Desktop\Vaultorix\resources\icons\fileTypes\RAW.svg", "XML", 0, 0, 17, 0, 0, 0, 0, 0, 0, 1, 18
"c:\Users\umara\Desktop\Vaultorix\resources\icons\fileTypes\RSS.svg", "XML", 0, 0, 14, 0, 0, 0, 0, 0, 0, 1, 15
"c:\Users\umara\Desktop\Vaultorix\resources\icons\fileTypes\SVG.svg", "XML", 0, 0, 18, 0, 0, 0, 0, 0, 0, 1, 19
"c:\Users\umara\Desktop\Vaultorix\resources\icons\fileTypes\TIFF.svg", "XML", 0, 0, 15, 0, 0, 0, 0, 0, 0, 1, 16
"c:\Users\umara\Desktop\Vaultorix\resources\icons\fileTypes\TXT.svg", "XML", 0, 0, 15, 0, 0, 0, 0, 0, 0, 1, 16
"c:\Users\umara\Desktop\Vaultorix\resources\icons\fileTypes\WAV.svg", "XML", 0, 0, 14, 0, 0, 0, 0, 0, 0, 1, 15
"c:\Users\umara\Desktop\Vaultorix\resources\icons\fileTypes\WMA.svg", "XML", 0, 0, 14, 0, 0, 0, 0, 0, 0, 1, 15
"c:\Users\umara\Desktop\Vaultorix\resources\icons\fileTypes\XML.svg", "XML", 0, 0, 14, 0, 0, 0, 0, 0, 0, 1, 15
"c:\Users\umara\Desktop\Vaultorix\resources\icons\fileTypes\XSL.svg", "XML", 0, 0, 16, 0, 0, 0, 0, 0, 0, 1, 17
"c:\Users\umara\Desktop\Vaultorix\resources\icons\fileTypes\ZIP.svg", "XML", 0, 0, 16, 0, 0, 0, 0, 0, 0, 1, 17
"c:\Users\umara\Desktop\Vaultorix\resources\icons\files.svg", "XML", 0, 0, 1, 0, 0, 0, 0, 0, 0, 0, 1
"c:\Users\umara\Desktop\Vaultorix\resources\icons\filter.svg", "XML", 0, 0, 1, 0, 0, 0, 0, 0, 0, 0, 1
"c:\Users\umara\Desktop\Vaultorix\resources\icons\folder-lock-dark.svg", "XML", 0, 0, 1, 0, 0, 0, 0, 0, 0, 0, 1
"c:\Users\umara\Desktop\Vaultorix\resources\icons\folder-lock-light.svg", "XML", 0, 0, 1, 0, 0, 0, 0, 0, 0, 0, 1
"c:\Users\umara\Desktop\Vaultorix\resources\icons\folder.svg", "XML", 0, 0, 1, 0, 0, 0, 0, 0, 0, 0, 1
"c:\Users\umara\Desktop\Vaultorix\resources\icons\gridView.svg", "XML", 0, 0, 1, 0, 0, 0, 0, 0, 0, 0, 1
"c:\Users\umara\Desktop\Vaultorix\resources\icons\gridViewChecked.svg", "XML", 0, 0, 1, 0, 0, 0, 0, 0, 0, 0, 1
"c:\Users\umara\Desktop\Vaultorix\resources\icons\hide.svg", "XML", 0, 0, 1, 0, 0, 0, 0, 0, 0, 0, 1
"c:\Users\umara\Desktop\Vaultorix\resources\icons\import.svg", "XML", 0, 0, 1, 0, 0, 0, 0, 0, 0, 0, 1
"c:\Users\umara\Desktop\Vaultorix\resources\icons\invalid.svg", "XML", 0, 0, 1, 0, 0, 0, 0, 0, 0, 0, 1
"c:\Users\umara\Desktop\Vaultorix\resources\icons\key.svg", "XML", 0, 0, 1, 0, 0, 0, 0, 0, 0, 0, 1
"c:\Users\umara\Desktop\Vaultorix\resources\icons\languages-dark.svg", "XML", 0, 0, 1, 0, 0, 0, 0, 0, 0, 0, 1
"c:\Users\umara\Desktop\Vaultorix\resources\icons\languages-light.svg", "XML", 0, 0, 1, 0, 0, 0, 0, 0, 0, 0, 1
"c:\Users\umara\Desktop\Vaultorix\resources\icons\lightMode.svg", "XML", 0, 0, 1, 0, 0, 0, 0, 0, 0, 0, 1
"c:\Users\umara\Desktop\Vaultorix\resources\icons\listView.svg", "XML", 0, 0, 1, 0, 0, 0, 0, 0, 0, 0, 1
"c:\Users\umara\Desktop\Vaultorix\resources\icons\listViewChecked.svg", "XML", 0, 0, 1, 0, 0, 0, 0, 0, 0, 0, 1
"c:\Users\umara\Desktop\Vaultorix\resources\icons\lock-dark.svg", "XML", 0, 0, 1, 0, 0, 0, 0, 0, 0, 0, 1
"c:\Users\umara\Desktop\Vaultorix\resources\icons\lock-light.svg", "XML", 0, 0, 1, 0, 0, 0, 0, 0, 0, 0, 1
"c:\Users\umara\Desktop\Vaultorix\resources\icons\lock.svg", "XML", 0, 0, 1, 0, 0, 0, 0, 0, 0, 0, 1
"c:\Users\umara\Desktop\Vaultorix\resources\icons\menuDelete.svg", "XML", 0, 0, 13, 0, 0, 0, 0, 0, 1, 1, 15
"c:\Users\umara\Desktop\Vaultorix\resources\icons\music.svg", "XML", 0, 0, 1, 0, 0, 0, 0, 0, 0, 0, 1
"c:\Users\umara\Desktop\Vaultorix\resources\icons\open.svg", "XML", 0, 0, 1, 0, 0, 0, 0, 0, 0, 0, 1
"c:\Users\umara\Desktop\Vaultorix\resources\icons\palette-dark.svg", "XML", 0, 0, 1, 0, 0, 0, 0, 0, 0, 0, 1
"c:\Users\umara\Desktop\Vaultorix\resources\icons\palette-light.svg", "XML", 0, 0, 1, 0, 0, 0, 0, 0, 0, 0, 1
"c:\Users\umara\Desktop\Vaultorix\resources\icons\paste.svg", "XML", 0, 0, 12, 0, 0, 0, 0, 0, 1, 1, 14
"c:\Users\umara\Desktop\Vaultorix\resources\icons\picture.svg", "XML", 0, 0, 1, 0, 0, 0, 0, 0, 0, 0, 1
"c:\Users\umara\Desktop\Vaultorix\resources\icons\preferences-dark.svg", "XML", 0, 0, 1, 0, 0, 0, 0, 0, 0, 0, 1
"c:\Users\umara\Desktop\Vaultorix\resources\icons\preferences-light.svg", "XML", 0, 0, 1, 0, 0, 0, 0, 0, 0, 0, 1
"c:\Users\umara\Desktop\Vaultorix\resources\icons\queued-dark.svg", "XML", 0, 0, 1, 0, 0, 0, 0, 0, 0, 0, 1
"c:\Users\umara\Desktop\Vaultorix\resources\icons\queued-light.svg", "XML", 0, 0, 1, 0, 0, 0, 0, 0, 0, 0, 1
"c:\Users\umara\Desktop\Vaultorix\resources\icons\redo.svg", "XML", 0, 0, 10, 0, 0, 0, 0, 0, 1, 1, 12
"c:\Users\umara\Desktop\Vaultorix\resources\icons\restore.svg", "XML", 0, 0, 1, 0, 0, 0, 0, 0, 0, 0, 1
"c:\Users\umara\Desktop\Vaultorix\resources\icons\search.svg", "XML", 0, 0, 1, 0, 0, 0, 0, 0, 0, 0, 1
"c:\Users\umara\Desktop\Vaultorix\resources\icons\select-all.svg", "XML", 0, 0, 22, 0, 0, 0, 0, 0, 1, 1, 24
"c:\Users\umara\Desktop\Vaultorix\resources\icons\show.svg", "XML", 0, 0, 1, 0, 0, 0, 0, 0, 0, 0, 1
"c:\Users\umara\Desktop\Vaultorix\resources\icons\sign-out.svg", "XML", 0, 0, 1, 0, 0, 0, 0, 0, 0, 0, 1
"c:\Users\umara\Desktop\Vaultorix\resources\icons\subscription.svg", "XML", 0, 0, 1, 0, 0, 0, 0, 0, 0, 0, 1
"c:\Users\umara\Desktop\Vaultorix\resources\icons\timer.svg", "XML", 0, 0, 1, 0, 0, 0, 0, 0, 0, 0, 1
"c:\Users\umara\Desktop\Vaultorix\resources\icons\twoFactorAuth.svg", "XML", 0, 0, 1, 0, 0, 0, 0, 0, 0, 0, 1
"c:\Users\umara\Desktop\Vaultorix\resources\icons\undo.svg", "XML", 0, 0, 10, 0, 0, 0, 0, 0, 1, 1, 12
"c:\Users\umara\Desktop\Vaultorix\resources\icons\update-dark.svg", "XML", 0, 0, 1, 0, 0, 0, 0, 0, 0, 0, 1
"c:\Users\umara\Desktop\Vaultorix\resources\icons\update-download-dark.svg", "XML", 0, 0, 1, 0, 0, 0, 0, 0, 0, 0, 1
"c:\Users\umara\Desktop\Vaultorix\resources\icons\update-download-light.svg", "XML", 0, 0, 1, 0, 0, 0, 0, 0, 0, 0, 1
"c:\Users\umara\Desktop\Vaultorix\resources\icons\update-light.svg", "XML", 0, 0, 1, 0, 0, 0, 0, 0, 0, 0, 1
"c:\Users\umara\Desktop\Vaultorix\resources\icons\upload-dark.svg", "XML", 0, 0, 1, 0, 0, 0, 0, 0, 0, 0, 1
"c:\Users\umara\Desktop\Vaultorix\resources\icons\upload-light.svg", "XML", 0, 0, 1, 0, 0, 0, 0, 0, 0, 0, 1
"c:\Users\umara\Desktop\Vaultorix\resources\icons\user.svg", "XML", 0, 0, 1, 0, 0, 0, 0, 0, 0, 0, 1
"c:\Users\umara\Desktop\Vaultorix\resources\icons\valid.svg", "XML", 0, 0, 1, 0, 0, 0, 0, 0, 0, 0, 1
"c:\Users\umara\Desktop\Vaultorix\resources\icons\video.svg", "XML", 0, 0, 1, 0, 0, 0, 0, 0, 0, 0, 1
"c:\Users\umara\Desktop\Vaultorix\resources\icons\win-close-dark.svg", "XML", 0, 0, 1, 0, 0, 0, 0, 0, 0, 0, 1
"c:\Users\umara\Desktop\Vaultorix\resources\icons\win-close-light.svg", "XML", 0, 0, 1, 0, 0, 0, 0, 0, 0, 0, 1
"c:\Users\umara\Desktop\Vaultorix\resources\icons\win-maximize-dark.svg", "XML", 0, 0, 1, 0, 0, 0, 0, 0, 0, 0, 1
"c:\Users\umara\Desktop\Vaultorix\resources\icons\win-maximize-light.svg", "XML", 0, 0, 1, 0, 0, 0, 0, 0, 0, 0, 1
"c:\Users\umara\Desktop\Vaultorix\resources\icons\win-minimize-dark.svg", "XML", 0, 0, 3, 0, 0, 0, 0, 0, 0, 1, 4
"c:\Users\umara\Desktop\Vaultorix\resources\icons\win-minimize-light.svg", "XML", 0, 0, 3, 0, 0, 0, 0, 0, 0, 1, 4
"c:\Users\umara\Desktop\Vaultorix\resources\icons\win-restore-dark.svg", "XML", 0, 0, 5, 0, 0, 0, 0, 0, 0, 1, 6
"c:\Users\umara\Desktop\Vaultorix\resources\icons\win-restore-light.svg", "XML", 0, 0, 5, 0, 0, 0, 0, 0, 0, 1, 6
"c:\Users\umara\Desktop\Vaultorix\resources\icons\x.svg", "XML", 0, 0, 1, 0, 0, 0, 0, 0, 0, 0, 1
"c:\Users\umara\Desktop\Vaultorix\resources\icons\xDark.svg", "XML", 0, 0, 1, 0, 0, 0, 0, 0, 0, 0, 1
"c:\Users\umara\Desktop\Vaultorix\resources\icons\xLight.svg", "XML", 0, 0, 1, 0, 0, 0, 0, 0, 0, 0, 1
"c:\Users\umara\Desktop\Vaultorix\resources\illustrations\folder-dark.svg", "XML", 0, 0, 6, 0, 0, 0, 0, 0, 1, 5, 12
"c:\Users\umara\Desktop\Vaultorix\resources\illustrations\folder-light.svg", "XML", 0, 0, 6, 0, 0, 0, 0, 0, 1, 5, 12
"c:\Users\umara\Desktop\Vaultorix\resources\resources.qrc", "QRC", 0, 145, 0, 0, 0, 0, 0, 0, 0, 1, 146
"c:\Users\umara\Desktop\Vaultorix\resources\terms\termsConds.html", "HTML", 0, 0, 0, 148, 0, 0, 0, 0, 0, 19, 167
"c:\Users\umara\Desktop\Vaultorix\src\core\config\APIConfig.h", "C++", 28, 0, 0, 0, 0, 0, 0, 0, 8, 10, 46
"c:\Users\umara\Desktop\Vaultorix\src\core\config\Constants.h", "C++", 45, 0, 0, 0, 0, 0, 0, 0, 0, 15, 60
"c:\Users\umara\Desktop\Vaultorix\src\core\crypto\encryption\Encryption.cpp", "C++", 71, 0, 0, 0, 0, 0, 0, 0, 0, 17, 88
"c:\Users\umara\Desktop\Vaultorix\src\core\crypto\encryption\Encryption.h", "C++", 13, 0, 0, 0, 0, 0, 0, 0, 0, 2, 15
"c:\Users\umara\Desktop\Vaultorix\src\core\crypto\key\KeyManager.cpp", "C++", 206, 0, 0, 0, 0, 0, 0, 0, 2, 43, 251
"c:\Users\umara\Desktop\Vaultorix\src\core\crypto\key\KeyManager.h", "C++", 28, 0, 0, 0, 0, 0, 0, 0, 0, 8, 36
"c:\Users\umara\Desktop\Vaultorix\src\core\errors\DeleteError.h", "C++", 6, 0, 0, 0, 0, 0, 0, 0, 0, 1, 7
"c:\Users\umara\Desktop\Vaultorix\src\core\errors\EncryptError.h", "C++", 10, 0, 0, 0, 0, 0, 0, 0, 0, 1, 11
"c:\Users\umara\Desktop\Vaultorix\src\core\errors\ImportError.h", "C++", 15, 0, 0, 0, 0, 0, 0, 0, 0, 1, 16
"c:\Users\umara\Desktop\Vaultorix\src\core\services\account_settings\AccountSettingsService.cpp", "C++", 289, 0, 0, 0, 0, 0, 0, 0, 13, 55, 357
"c:\Users\umara\Desktop\Vaultorix\src\core\services\account_settings\AccountSettingsService.h", "C++", 50, 0, 0, 0, 0, 0, 0, 0, 0, 8, 58
"c:\Users\umara\Desktop\Vaultorix\src\core\services\auth\OTPService.cpp", "C++", 117, 0, 0, 0, 0, 0, 0, 0, 14, 26, 157
"c:\Users\umara\Desktop\Vaultorix\src\core\services\auth\OTPService.h", "C++", 30, 0, 0, 0, 0, 0, 0, 0, 2, 6, 38
"c:\Users\umara\Desktop\Vaultorix\src\core\services\auth\SigninService.cpp", "C++", 64, 0, 0, 0, 0, 0, 0, 0, 1, 16, 81
"c:\Users\umara\Desktop\Vaultorix\src\core\services\auth\SigninService.h", "C++", 32, 0, 0, 0, 0, 0, 0, 0, 4, 9, 45
"c:\Users\umara\Desktop\Vaultorix\src\core\services\auth\SignupService.cpp", "C++", 114, 0, 0, 0, 0, 0, 0, 0, 7, 25, 146
"c:\Users\umara\Desktop\Vaultorix\src\core\services\auth\SignupService.h", "C++", 46, 0, 0, 0, 0, 0, 0, 0, 5, 13, 64
"c:\Users\umara\Desktop\Vaultorix\src\core\services\auth\TokenManager.cpp", "C++", 230, 0, 0, 0, 0, 0, 0, 0, 18, 64, 312
"c:\Users\umara\Desktop\Vaultorix\src\core\services\auth\TokenManager.h", "C++", 70, 0, 0, 0, 0, 0, 0, 0, 21, 14, 105
"c:\Users\umara\Desktop\Vaultorix\src\core\services\report_bug\ReportBugService.cpp", "C++", 83, 0, 0, 0, 0, 0, 0, 0, 12, 18, 113
"c:\Users\umara\Desktop\Vaultorix\src\core\services\report_bug\ReportBugService.h", "C++", 21, 0, 0, 0, 0, 0, 0, 0, 0, 4, 25
"c:\Users\umara\Desktop\Vaultorix\src\core\services\update\UpdateService.cpp", "C++", 138, 0, 0, 0, 0, 0, 0, 0, 3, 33, 174
"c:\Users\umara\Desktop\Vaultorix\src\core\services\update\UpdateService.h", "C++", 49, 0, 0, 0, 0, 0, 0, 0, 7, 11, 67
"c:\Users\umara\Desktop\Vaultorix\src\core\services\vault\database\Database.cpp", "C++", 62, 0, 0, 0, 0, 0, 0, 0, 0, 15, 77
"c:\Users\umara\Desktop\Vaultorix\src\core\services\vault\database\Database.h", "C++", 18, 0, 0, 0, 0, 0, 0, 0, 0, 5, 23
"c:\Users\umara\Desktop\Vaultorix\src\core\services\vault\models\FileMetadata.h", "C++", 21, 0, 0, 0, 0, 0, 0, 0, 0, 8, 29
"c:\Users\umara\Desktop\Vaultorix\src\core\services\vault\models\FileStatus.h", "C++", 20, 0, 0, 0, 0, 0, 0, 0, 0, 4, 24
"c:\Users\umara\Desktop\Vaultorix\src\core\services\vault\models\FileType.h", "C++", 14, 0, 0, 0, 0, 0, 0, 0, 0, 3, 17
"c:\Users\umara\Desktop\Vaultorix\src\core\services\vault\repository\FileRepository.cpp", "C++", 188, 0, 0, 0, 0, 0, 0, 0, 0, 44, 232
"c:\Users\umara\Desktop\Vaultorix\src\core\services\vault\repository\FileRepository.h", "C++", 26, 0, 0, 0, 0, 0, 0, 0, 0, 6, 32
"c:\Users\umara\Desktop\Vaultorix\src\core\services\vault\storage\StorageService.cpp", "C++", 91, 0, 0, 0, 0, 0, 0, 0, 8, 30, 129
"c:\Users\umara\Desktop\Vaultorix\src\core\services\vault\storage\StorageService.h", "C++", 64, 0, 0, 0, 0, 0, 0, 0, 1, 19, 84
"c:\Users\umara\Desktop\Vaultorix\src\core\services\vault\tasks\DeleteTask.cpp", "C++", 23, 0, 0, 0, 0, 0, 0, 0, 0, 9, 32
"c:\Users\umara\Desktop\Vaultorix\src\core\services\vault\tasks\DeleteTask.h", "C++", 18, 0, 0, 0, 0, 0, 0, 0, 0, 6, 24
"c:\Users\umara\Desktop\Vaultorix\src\core\services\vault\tasks\EncryptTask.cpp", "C++", 105, 0, 0, 0, 0, 0, 0, 0, 1, 34, 140
"c:\Users\umara\Desktop\Vaultorix\src\core\services\vault\tasks\EncryptTask.h", "C++", 21, 0, 0, 0, 0, 0, 0, 0, 0, 6, 27
"c:\Users\umara\Desktop\Vaultorix\src\core\services\vault\tasks\ImportTask.cpp", "C++", 77, 0, 0, 0, 0, 0, 0, 0, 0, 26, 103
"c:\Users\umara\Desktop\Vaultorix\src\core\services\vault\tasks\ImportTask.h", "C++", 22, 0, 0, 0, 0, 0, 0, 0, 0, 7, 29
"c:\Users\umara\Desktop\Vaultorix\src\core\session\SessionManager.cpp", "C++", 71, 0, 0, 0, 0, 0, 0, 0, 0, 22, 93
"c:\Users\umara\Desktop\Vaultorix\src\core\session\SessionManager.h", "C++", 38, 0, 0, 0, 0, 0, 0, 0, 0, 10, 48
"c:\Users\umara\Desktop\Vaultorix\src\core\system\DeviceInfo.cpp", "C++", 20, 0, 0, 0, 0, 0, 0, 0, 5, 8, 33
"c:\Users\umara\Desktop\Vaultorix\src\core\system\DeviceInfo.h", "C++", 17, 0, 0, 0, 0, 0, 0, 0, 0, 4, 21
"c:\Users\umara\Desktop\Vaultorix\src\core\theme\ThemeManager.cpp", "C++", 37, 0, 0, 0, 0, 0, 0, 0, 2, 13, 52
"c:\Users\umara\Desktop\Vaultorix\src\core\theme\ThemeManager.h", "C++", 18, 0, 0, 0, 0, 0, 0, 0, 0, 7, 25
"c:\Users\umara\Desktop\Vaultorix\src\core\utils\Utils.cpp", "C++", 94, 0, 0, 0, 0, 0, 0, 0, 55, 44, 193
"c:\Users\umara\Desktop\Vaultorix\src\core\utils\Utils.h", "C++", 74, 0, 0, 0, 0, 0, 0, 0, 36, 30, 140
"c:\Users\umara\Desktop\Vaultorix\src\core\validators\auth\EmailValidator.cpp", "C++", 128, 0, 0, 0, 0, 0, 0, 0, 10, 43, 181
"c:\Users\umara\Desktop\Vaultorix\src\core\validators\auth\EmailValidator.h", "C++", 31, 0, 0, 0, 0, 0, 0, 0, 5, 9, 45
"c:\Users\umara\Desktop\Vaultorix\src\core\validators\auth\NameValidator.cpp", "C++", 22, 0, 0, 0, 0, 0, 0, 0, 0, 10, 32
"c:\Users\umara\Desktop\Vaultorix\src\core\validators\auth\NameValidator.h", "C++", 11, 0, 0, 0, 0, 0, 0, 0, 0, 5, 16
"c:\Users\umara\Desktop\Vaultorix\src\core\validators\auth\PasswordValidator.cpp", "C++", 95, 0, 0, 0, 0, 0, 0, 0, 0, 30, 125
"c:\Users\umara\Desktop\Vaultorix\src\core\validators\auth\PasswordValidator.h", "C++", 35, 0, 0, 0, 0, 0, 0, 0, 0, 11, 46
"c:\Users\umara\Desktop\Vaultorix\src\core\validators\auth\UsernameValidator.cpp", "C++", 99, 0, 0, 0, 0, 0, 0, 0, 0, 30, 129
"c:\Users\umara\Desktop\Vaultorix\src\core\validators\auth\UsernameValidator.h", "C++", 25, 0, 0, 0, 0, 0, 0, 0, 4, 9, 38
"c:\Users\umara\Desktop\Vaultorix\src\main.cpp", "C++", 12, 0, 0, 0, 0, 0, 0, 0, 2, 4, 18
"c:\Users\umara\Desktop\Vaultorix\src\ui\auth\auth_coordinator\AuthCoordinator.cpp", "C++", 65, 0, 0, 0, 0, 0, 0, 0, 35, 24, 124
"c:\Users\umara\Desktop\Vaultorix\src\ui\auth\auth_coordinator\AuthCoordinator.h", "C++", 30, 0, 0, 0, 0, 0, 0, 0, 5, 12, 47
"c:\Users\umara\Desktop\Vaultorix\src\ui\auth\auth_window\AuthWindow.cpp", "C++", 188, 0, 0, 0, 0, 0, 0, 0, 38, 52, 278
"c:\Users\umara\Desktop\Vaultorix\src\ui\auth\auth_window\AuthWindow.h", "C++", 65, 0, 0, 0, 0, 0, 0, 0, 22, 32, 119
"c:\Users\umara\Desktop\Vaultorix\src\ui\auth\otp\OTP.cpp", "C++", 322, 0, 0, 0, 0, 0, 0, 0, 32, 92, 446
"c:\Users\umara\Desktop\Vaultorix\src\ui\auth\otp\OTP.h", "C++", 82, 0, 0, 0, 0, 0, 0, 0, 20, 32, 134
"c:\Users\umara\Desktop\Vaultorix\src\ui\auth\signin\Signin.cpp", "C++", 149, 0, 0, 0, 0, 0, 0, 0, 24, 43, 216
"c:\Users\umara\Desktop\Vaultorix\src\ui\auth\signin\Signin.h", "C++", 41, 0, 0, 0, 0, 0, 0, 0, 14, 20, 75
"c:\Users\umara\Desktop\Vaultorix\src\ui\auth\signup\Signup.cpp", "C++", 333, 0, 0, 0, 0, 0, 0, 0, 29, 82, 444
"c:\Users\umara\Desktop\Vaultorix\src\ui\auth\signup\Signup.h", "C++", 81, 0, 0, 0, 0, 0, 0, 0, 11, 26, 118
"c:\Users\umara\Desktop\Vaultorix\src\ui\components\Button.cpp", "C++", 439, 0, 0, 0, 0, 0, 0, 0, 30, 132, 601
"c:\Users\umara\Desktop\Vaultorix\src\ui\components\Button.h", "C++", 147, 0, 0, 0, 0, 0, 0, 0, 17, 37, 201
"c:\Users\umara\Desktop\Vaultorix\src\ui\components\ButtonMenu.cpp", "C++", 28, 0, 0, 0, 0, 0, 0, 0, 2, 11, 41
"c:\Users\umara\Desktop\Vaultorix\src\ui\components\ButtonMenu.h", "C++", 13, 0, 0, 0, 0, 0, 0, 0, 2, 7, 22
"c:\Users\umara\Desktop\Vaultorix\src\ui\components\CheckBox.cpp", "C++", 172, 0, 0, 0, 0, 0, 0, 0, 9, 49, 230
"c:\Users\umara\Desktop\Vaultorix\src\ui\components\CheckBox.h", "C++", 37, 0, 0, 0, 0, 0, 0, 0, 2, 11, 50
"c:\Users\umara\Desktop\Vaultorix\src\ui\components\ComboBox.cpp", "C++", 261, 0, 0, 0, 0, 0, 0, 0, 8, 72, 341
"c:\Users\umara\Desktop\Vaultorix\src\ui\components\ComboBox.h", "C++", 82, 0, 0, 0, 0, 0, 0, 0, 6, 25, 113
"c:\Users\umara\Desktop\Vaultorix\src\ui\components\Delegate.cpp", "C++", 97, 0, 0, 0, 0, 0, 0, 0, 13, 30, 140
"c:\Users\umara\Desktop\Vaultorix\src\ui\components\Delegate.h", "C++", 30, 0, 0, 0, 0, 0, 0, 0, 0, 7, 37
"c:\Users\umara\Desktop\Vaultorix\src\ui\components\Dialog.cpp", "C++", 20, 0, 0, 0, 0, 0, 0, 0, 0, 7, 27
"c:\Users\umara\Desktop\Vaultorix\src\ui\components\Dialog.h", "C++", 12, 0, 0, 0, 0, 0, 0, 0, 0, 7, 19
"c:\Users\umara\Desktop\Vaultorix\src\ui\components\Label.cpp", "C++", 107, 0, 0, 0, 0, 0, 0, 0, 5, 21, 133
"c:\Users\umara\Desktop\Vaultorix\src\ui\components\Label.h", "C++", 50, 0, 0, 0, 0, 0, 0, 0, 0, 14, 64
"c:\Users\umara\Desktop\Vaultorix\src\ui\components\LineProgress.cpp", "C++", 169, 0, 0, 0, 0, 0, 0, 0, 3, 38, 210
"c:\Users\umara\Desktop\Vaultorix\src\ui\components\LineProgress.h", "C++", 60, 0, 0, 0, 0, 0, 0, 0, 1, 23, 84
"c:\Users\umara\Desktop\Vaultorix\src\ui\components\Menu.cpp", "C++", 294, 0, 0, 0, 0, 0, 0, 0, 12, 89, 395
"c:\Users\umara\Desktop\Vaultorix\src\ui\components\Menu.h", "C++", 96, 0, 0, 0, 0, 0, 0, 0, 29, 41, 166
"c:\Users\umara\Desktop\Vaultorix\src\ui\components\Popup.cpp", "C++", 93, 0, 0, 0, 0, 0, 0, 0, 6, 28, 127
"c:\Users\umara\Desktop\Vaultorix\src\ui\components\Popup.h", "C++", 33, 0, 0, 0, 0, 0, 0, 0, 0, 12, 45
"c:\Users\umara\Desktop\Vaultorix\src\ui\components\RoundedBox.cpp", "C++", 65, 0, 0, 0, 0, 0, 0, 0, 2, 15, 82
"c:\Users\umara\Desktop\Vaultorix\src\ui\components\RoundedBox.h", "C++", 22, 0, 0, 0, 0, 0, 0, 0, 0, 8, 30
"c:\Users\umara\Desktop\Vaultorix\src\ui\components\ScrollBar.cpp", "C++", 116, 0, 0, 0, 0, 0, 0, 0, 0, 28, 144
"c:\Users\umara\Desktop\Vaultorix\src\ui\components\ScrollBar.h", "C++", 36, 0, 0, 0, 0, 0, 0, 0, 0, 12, 48
"c:\Users\umara\Desktop\Vaultorix\src\ui\components\Seperator.cpp", "C++", 25, 0, 0, 0, 0, 0, 0, 0, 0, 6, 31
"c:\Users\umara\Desktop\Vaultorix\src\ui\components\Seperator.h", "C++", 14, 0, 0, 0, 0, 0, 0, 0, 0, 5, 19
"c:\Users\umara\Desktop\Vaultorix\src\ui\components\SmoothOpacity.cpp", "C++", 10, 0, 0, 0, 0, 0, 0, 0, 0, 3, 13
"c:\Users\umara\Desktop\Vaultorix\src\ui\components\SmoothOpacity.h", "C++", 11, 0, 0, 0, 0, 0, 0, 0, 0, 4, 15
"c:\Users\umara\Desktop\Vaultorix\src\ui\components\SmoothShadow.cpp", "C++", 9, 0, 0, 0, 0, 0, 0, 0, 0, 3, 12
"c:\Users\umara\Desktop\Vaultorix\src\ui\components\SmoothShadow.h", "C++", 13, 0, 0, 0, 0, 0, 0, 0, 0, 5, 18
"c:\Users\umara\Desktop\Vaultorix\src\ui\components\SpinnerProgress.cpp", "C++", 132, 0, 0, 0, 0, 0, 0, 0, 3, 34, 169
"c:\Users\umara\Desktop\Vaultorix\src\ui\components\SpinnerProgress.h", "C++", 54, 0, 0, 0, 0, 0, 0, 0, 1, 20, 75
"c:\Users\umara\Desktop\Vaultorix\src\ui\components\TextEdit.cpp", "C++", 161, 0, 0, 0, 0, 0, 0, 0, 13, 40, 214
"c:\Users\umara\Desktop\Vaultorix\src\ui\components\TextEdit.h", "C++", 39, 0, 0, 0, 0, 0, 0, 0, 5, 13, 57
"c:\Users\umara\Desktop\Vaultorix\src\ui\components\TextField.cpp", "C++", 366, 0, 0, 0, 0, 0, 0, 0, 9, 82, 457
"c:\Users\umara\Desktop\Vaultorix\src\ui\components\TextField.h", "C++", 112, 0, 0, 0, 0, 0, 0, 0, 11, 29, 152
"c:\Users\umara\Desktop\Vaultorix\src\ui\components\Toggle.cpp", "C++", 204, 0, 0, 0, 0, 0, 0, 0, 14, 57, 275
"c:\Users\umara\Desktop\Vaultorix\src\ui\components\Toggle.h", "C++", 70, 0, 0, 0, 0, 0, 0, 0, 1, 26, 97
"c:\Users\umara\Desktop\Vaultorix\src\ui\components\ToolTip.cpp", "C++", 164, 0, 0, 0, 0, 0, 0, 0, 15, 42, 221
"c:\Users\umara\Desktop\Vaultorix\src\ui\components\ToolTip.h", "C++", 38, 0, 0, 0, 0, 0, 0, 0, 0, 14, 52
"c:\Users\umara\Desktop\Vaultorix\src\ui\components\ViewModeToggle.cpp", "C++", 78, 0, 0, 0, 0, 0, 0, 0, 8, 23, 109
"c:\Users\umara\Desktop\Vaultorix\src\ui\components\ViewModeToggle.h", "C++", 29, 0, 0, 0, 0, 0, 0, 0, 7, 14, 50
"c:\Users\umara\Desktop\Vaultorix\src\ui\dialogs\confirm_dialog\ConfirmDialog.cpp", "C++", 148, 0, 0, 0, 0, 0, 0, 0, 7, 39, 194
"c:\Users\umara\Desktop\Vaultorix\src\ui\dialogs\confirm_dialog\ConfirmDialog.h", "C++", 60, 0, 0, 0, 0, 0, 0, 0, 13, 22, 95
"c:\Users\umara\Desktop\Vaultorix\src\ui\dialogs\error_dialog\ErrorDialog.cpp", "C++", 138, 0, 0, 0, 0, 0, 0, 0, 2, 39, 179
"c:\Users\umara\Desktop\Vaultorix\src\ui\dialogs\error_dialog\ErrorDialog.h", "C++", 61, 0, 0, 0, 0, 0, 0, 0, 13, 22, 96
"c:\Users\umara\Desktop\Vaultorix\src\ui\dialogs\terms_conditions\TermsConditions.cpp", "C++", 35, 0, 0, 0, 0, 0, 0, 0, 4, 11, 50
"c:\Users\umara\Desktop\Vaultorix\src\ui\dialogs\terms_conditions\TermsConditions.h", "C++", 18, 0, 0, 0, 0, 0, 0, 0, 5, 10, 33
"c:\Users\umara\Desktop\Vaultorix\src\ui\utils\Utils.cpp", "C++", 188, 0, 0, 0, 0, 0, 0, 0, 33, 59, 280
"c:\Users\umara\Desktop\Vaultorix\src\ui\utils\Utils.h", "C++", 105, 0, 0, 0, 0, 0, 0, 0, 20, 34, 159
"c:\Users\umara\Desktop\Vaultorix\src\ui\vault\about\About.cpp", "C++", 59, 0, 0, 0, 0, 0, 0, 0, 6, 20, 85
"c:\Users\umara\Desktop\Vaultorix\src\ui\vault\about\About.h", "C++", 25, 0, 0, 0, 0, 0, 0, 0, 1, 6, 32
"c:\Users\umara\Desktop\Vaultorix\src\ui\vault\account_settings\AccountSettings.cpp", "C++", 658, 0, 0, 0, 0, 0, 0, 0, 133, 189, 980
"c:\Users\umara\Desktop\Vaultorix\src\ui\vault\account_settings\AccountSettings.h", "C++", 120, 0, 0, 0, 0, 0, 0, 0, 56, 32, 208
"c:\Users\umara\Desktop\Vaultorix\src\ui\vault\empty_state\EmptyState.cpp", "C++", 80, 0, 0, 0, 0, 0, 0, 0, 9, 24, 113
"c:\Users\umara\Desktop\Vaultorix\src\ui\vault\empty_state\EmptyState.h", "C++", 30, 0, 0, 0, 0, 0, 0, 0, 4, 10, 44
"c:\Users\umara\Desktop\Vaultorix\src\ui\vault\preferences\Preferences.cpp", "C++", 160, 0, 0, 0, 0, 0, 0, 0, 51, 52, 263
"c:\Users\umara\Desktop\Vaultorix\src\ui\vault\preferences\Preferences.h", "C++", 35, 0, 0, 0, 0, 0, 0, 0, 19, 13, 67
"c:\Users\umara\Desktop\Vaultorix\src\ui\vault\report_bug\ReportBug.cpp", "C++", 142, 0, 0, 0, 0, 0, 0, 0, 19, 41, 202
"c:\Users\umara\Desktop\Vaultorix\src\ui\vault\report_bug\ReportBug.h", "C++", 37, 0, 0, 0, 0, 0, 0, 0, 10, 16, 63
"c:\Users\umara\Desktop\Vaultorix\src\ui\vault\statusbar\Statusbar.cpp", "C++", 46, 0, 0, 0, 0, 0, 0, 0, 8, 18, 72
"c:\Users\umara\Desktop\Vaultorix\src\ui\vault\statusbar\Statusbar.h", "C++", 27, 0, 0, 0, 0, 0, 0, 0, 7, 13, 47
"c:\Users\umara\Desktop\Vaultorix\src\ui\vault\toolbar\Toolbar.cpp", "C++", 81, 0, 0, 0, 0, 0, 0, 0, 13, 23, 117
"c:\Users\umara\Desktop\Vaultorix\src\ui\vault\toolbar\Toolbar.h", "C++", 38, 0, 0, 0, 0, 0, 0, 0, 12, 19, 69
"c:\Users\umara\Desktop\Vaultorix\src\ui\vault\update\Update.cpp", "C++", 229, 0, 0, 0, 0, 0, 0, 0, 62, 81, 372
"c:\Users\umara\Desktop\Vaultorix\src\ui\vault\update\Update.h", "C++", 59, 0, 0, 0, 0, 0, 0, 0, 20, 19, 98
"c:\Users\umara\Desktop\Vaultorix\src\ui\vault\user\User.cpp", "C++", 136, 0, 0, 0, 0, 0, 0, 0, 6, 39, 181
"c:\Users\umara\Desktop\Vaultorix\src\ui\vault\user\User.h", "C++", 38, 0, 0, 0, 0, 0, 0, 0, 4, 12, 54
"c:\Users\umara\Desktop\Vaultorix\src\ui\vault\user_menu\UserMenu.cpp", "C++", 172, 0, 0, 0, 0, 0, 0, 0, 20, 52, 244
"c:\Users\umara\Desktop\Vaultorix\src\ui\vault\user_menu\UserMenu.h", "C++", 39, 0, 0, 0, 0, 0, 0, 0, 6, 16, 61
"c:\Users\umara\Desktop\Vaultorix\src\ui\vault\vault_window\VaultWindow.cpp", "C++", 284, 0, 0, 0, 0, 0, 0, 0, 44, 79, 407
"c:\Users\umara\Desktop\Vaultorix\src\ui\vault\vault_window\VaultWindow.h", "C++", 71, 0, 0, 0, 0, 0, 0, 0, 20, 28, 119
"c:\Users\umara\Desktop\Vaultorix\src\ui\vault\view\View.cpp", "C++", 205, 0, 0, 0, 0, 0, 0, 0, 25, 51, 281
"c:\Users\umara\Desktop\Vaultorix\src\ui\vault\view\View.h", "C++", 56, 0, 0, 0, 0, 0, 0, 0, 12, 21, 89
"c:\Users\umara\Desktop\Vaultorix\src\ui\vault\view\ViewDelegate.cpp", "C++", 336, 0, 0, 0, 0, 0, 0, 0, 54, 97, 487
"c:\Users\umara\Desktop\Vaultorix\src\ui\vault\view\ViewDelegate.h", "C++", 55, 0, 0, 0, 0, 0, 0, 0, 6, 15, 76
"c:\Users\umara\Desktop\Vaultorix\src\ui\windows\subwindow\Subwindow.cpp", "C++", 229, 0, 0, 0, 0, 0, 0, 0, 12, 64, 305
"c:\Users\umara\Desktop\Vaultorix\src\ui\windows\subwindow\Subwindow.h", "C++", 71, 0, 0, 0, 0, 0, 0, 0, 12, 25, 108
"c:\Users\umara\Desktop\Vaultorix\src\ui\windows\window\Window.cpp", "C++", 304, 0, 0, 0, 0, 0, 0, 0, 10, 74, 388
"c:\Users\umara\Desktop\Vaultorix\src\ui\windows\window\Window.h", "C++", 82, 0, 0, 0, 0, 0, 0, 0, 15, 28, 125
"Total", "-", 49644, 145, 1128, 148, 17, 214, 235, 111, 8468, 10805, 70915